file_id,freq
BRX762,daily
BRX763,daily
BRX764,daily
BRX765,daily
BSE527,daily
ABD638,daily
ABD639,daily
ABD647,daily
ABD804,daily
ABD806,daily
ABD886,daily
ABD887,daily
ABD893,daily
ABD894,daily
ABD895,daily
ABD896,daily
ABD897,daily
ABD898,daily
ABE029,daily
ABE033,daily
ABE035,daily
ABE038,daily
ABE039,daily
ABE069,daily
ABE070,daily
ABE071,daily
ABE072,daily
ABE074,daily
ABE077,daily
ABE078,daily
ABE079,daily
ABE080,daily
ABE082,daily
ABE083,daily
ABE084,daily
ABE085,daily
ABE086,daily
ABE087,daily
ABE091,daily
ABE117,daily
ABE118,daily
ABE120,daily
ABE124,daily
ABE140,daily
ABE142,daily
ABE143,daily
ABE144,daily
ABE150,daily
ABE151,daily
ABE224,daily
ABF889,daily
ABF925,daily
ABG538,daily
ABG539,daily
ABH672,daily
ABH673,daily
ABM770,daily
ABN344,daily
ABN345,daily
ABN391,daily
ABQ462,daily
ABT232,daily
ABT569,daily
ABV649,daily
ABY190,daily
ACA511,daily
ACB462,daily
ACG320,daily
ACG321,daily
ACG322,daily
ACG324,daily
ACG327,daily
ACG328,daily
ACG329,daily
ACG332,daily
ACG333,daily
ACG337,daily
ACG338,daily
ACG341,daily
ACH404,daily
ACJ657,daily
ACM776,daily
ACN689,daily
ACO203,daily
ACO450,daily
ACO452,daily
ACT319,daily
ACT325,daily
ACT327,daily
ACT331,daily
ACT332,daily
ADA078,daily
ADA392,daily
ADB517,daily
ADC149,daily
ADG889,daily
ADH949,daily
ADJ409,daily
ADL927,daily
ADL929,daily
ADL930,daily
ADL932,daily
ADM595,daily
ADM596,daily
ADN303,daily
ADP286,daily
ADQ118,daily
ADU814,daily
ADV114,daily
ADV748,daily
ADX380,daily
ADX433,daily
ADX434,daily
ADX435,daily
ADX437,daily
AEA027,daily
AEB189,daily
AEC047,daily
AED229,daily
AEH594,daily
AEI316,daily
AEK191,daily
AEK827,daily
AEM615,daily
AEM856,daily
AEO343,
AEO344,daily
AEO345,daily
AEO796,daily
AEP544,daily
AET258,daily
AET259,daily
AET261,daily
AEU510,daily
AEU512,daily
AEU513,daily
AEU514,daily
AEU515,daily
AEU520,daily
AEU521,daily
AEU522,daily
AEU523,daily
AEU524,daily
AEU525,daily
AEU526,daily
AEV562,daily
AEV674,daily
AEW083,daily
AEW085,daily
AEW086,daily
AEW087,daily
AEY682,daily
AEY960,daily
AEZ378,daily
AEZ380,daily
AEZ381,daily
AEZ674,daily
AEZ676,daily
AEZ767,daily
AEZ768,daily
AEZ769,daily
AFA343,daily
AFA344,daily
AFA350,daily
AFA664,daily
AFA665,daily
AFA691,daily
AFA752,daily
AFA775,daily
AFB764,daily
AFB765,daily
AFB770,daily
AFB774,daily
AFB775,daily
AFD139,daily
AFD406,daily
AFD408,daily
AFD944,daily
AFE773,daily
AFF083,daily
AFF084,daily
AFG455,daily
AFH734,daily
AFH736,daily
AFH737,daily
AFH738,daily
AFH739,daily
AFH770,daily
AFH771,daily
AFH772,daily
AFH932,daily
AFH935,daily
AFI493,daily
AFI494,daily
AFI495,daily
AFI496,daily
AFI497,daily
AFI803,daily
AFI868,daily
AFI869,daily
AFI870,daily
AFI871,daily
AFJ137,daily
AFJ489,daily
AFJ493,daily
AFM324,daily
AFM325,daily
AFM326,daily
AFM956,daily
AFP992,daily
AFP993,daily
AFQ671,daily
AFQ700,daily
AFQ707,daily
AFQ709,daily
AFQ710,daily
AFQ718,daily
AFR657,daily
AFS452,daily
AFS565,daily
AFT501,daily
AFU318,daily
AFU808,daily
AFV836,daily
AFW149,daily
AFW210,daily
AFW215,daily
AFW216,daily
AGA003,daily
AGA004,daily
AGA006,daily
AGA009,daily
AGC188,daily
AGC784,daily
AGC798,daily
AGC803,daily
AGD261,daily
AGD263,daily
AGD265,daily
AGD269,daily
AGD270,daily
AGD273,daily
AGD275,daily
AGD276,daily
AGD278,daily
AGD279,daily
AGD282,daily
AGD565,daily
AGD569,daily
AGD913,daily
AGD923,daily
AGE752,daily
AGE753,daily
AGE755,daily
AGE756,daily
AGE757,daily
AGF137,daily
AGG605,daily
AGH025,daily
AGH984,daily
AGH985,daily
AGH986,daily
AGH988,daily
AGH989,daily
AGH990,daily
AGH992,daily
AGJ069,daily
AGK160,daily
AGK656,daily
AGL375,daily
AGN492,daily
AGN494,daily
AGO817,daily
AGQ981,daily
AGR105,daily
AGR113,daily
AGR116,daily
AGR148,daily
AGR161,daily
AGS023,daily
AGS024,monthly
AGS048,daily
AGS049,daily
AGS051,daily
AGS098,daily
AGV237,daily
AGW496,daily
AGW591,daily
AGW593,daily
AGW594,daily
AGW599,daily
AGW600,daily
AGZ948,daily
AHC092,daily
AHC093,daily
AHC095,daily
AHD660,daily
AHF810,daily
AHF811,daily
AHF812,daily
AHF813,daily
AHF814,daily
AHF816,daily
AHF818,daily
AHF823,daily
AHF824,daily
AHF825,daily
AHF828,daily
AHF829,daily
AHF831,daily
AHF914,daily
AHF915,daily
AHF917,daily
AHF919,daily
AHF925,daily
AHJ541,daily
AHM783,daily
AHM790,daily
AHN939,daily
AHP704,daily
AHP705,daily
AHQ850,daily
AHQ869,daily
AHS873,daily
AHS879,daily
AHS882,daily
AHT872,daily
AHU083,daily
AHU085,daily
AHU086,daily
AHU906,daily
AHX224,daily
AHX563,daily
AHX564,daily
AHX565,daily
AHX622,daily
AHX625,daily
AHX626,daily
AHX980,daily
AHY056,daily
AIC155,daily
AIC157,daily
AIC158,daily
AIC160,daily
AIC162,daily
AIC336,daily
AIF555,daily
AIG504,daily
AIL127,daily
AIL128,daily
AIL129,daily
AIR742,daily
AIU389,daily
AIU581,daily
AIU582,daily
AIX108,daily
AIZ042,daily
AIZ043,daily
AIZ044,daily
AIZ045,daily
AJB317,daily
AJC003,daily
AJC026,
AJC348,daily
AJC579,daily
AJC930,daily
AJD468,daily
AJD493,daily
AJD897,daily
AJD982,daily
AJE416,daily
AJE611,daily
AJF507,daily
AJJ640,daily
AJJ641,daily
AJJ642,daily
AJJ991,daily
AJJ992,daily
AJJ995,daily
AJL812,daily
AJL813,daily
AJM435,daily
AJM436,daily
AJM476,daily
AJM963,daily
AJN143,daily
AJO218,daily
AJO389,daily
AKI559,daily
AKI695,daily
AKI697,daily
AKO583,daily
AKO584,daily
AKO585,daily
AKO934,daily
AKQ607,daily
AKS630,daily
AKX805,daily
ALF356,daily
ALF603,daily
ALI172,daily
ALI365,daily
ALI367,daily
ALJ832,daily
ALL116,daily
ALL913,daily
ALL922,daily
ALL923,daily
ALL924,daily
ALL926,daily
ALL927,daily
ALL929,daily
ALN166,daily
ALO117,daily
ALO122,daily
ALQ956,daily
ALS514,daily
ALS516,daily
ALT950,daily
ALT951,daily
ALW553,daily
ALZ886,daily
ALZ889,daily
ALZ892,daily
ALZ893,daily
ALZ896,daily
ALZ897,daily
ALZ899,daily
ALZ900,daily
ALZ907,daily
ALZ909,daily
AMI277,daily
AMI278,daily
AMI279,daily
AMI280,daily
AMI281,daily
AMI282,daily
AMI283,daily
AMI448,daily
AMI454,daily
AMI455,daily
AMI456,daily
AMI457,daily
AMI459,daily
AMK035,daily
AMK036,daily
AML402,daily
AML403,daily
AMM441,daily
AMO916,daily
AMO918,daily
AMO919,daily
AMO923,daily
AMP416,daily
AMR220,daily
AMS802,daily
AMS803,daily
AMS804,daily
AMT890,daily
AMT892,daily
AMV055,daily
AMV058,daily
AMV260,daily
AMV265,daily
AMW928,daily
AMX449,daily
AMY245,daily
AMY246,daily
AMZ142,daily
AMZ911,daily
AND704,daily
AND705,daily
AND796,daily
ANE325,daily
ANF085,daily
ANF095,daily
ANG593,daily
ANG739,daily
ANG740,daily
ANG742,daily
ANI765,daily
ANI766,daily
ANI767,daily
ANK687,daily
ANL899,daily
ANL901,daily
ANL902,daily
ANO879,daily
ANO880,daily
ANO881,daily
ANO882,daily
ANO884,daily
ANO887,daily
ANO888,daily
ANO891,daily
ANO892,daily
ANO894,daily
ANO897,daily
ANO899,daily
ANP298,daily
ANP301,daily
ANP586,daily
ANP587,daily
ANP588,daily
ANP589,daily
ANQ387,daily
ANU055,daily
ANU348,daily
ANU349,daily
ANU637,daily
ANV092,daily
ANW484,daily
ANX783,daily
ANZ607,daily
ANZ609,daily
ANZ611,daily
ANZ613,daily
AOA997,daily
AOA998,daily
AOB001,daily
AOB418,daily
AOB850,daily
AOB873,daily
AOB876,daily
AOB878,daily
AOE638,daily
AOE639,daily
AOE640,daily
AOE641,daily
AOE642,daily
AOE888,daily
AOG335,daily
AOG337,daily
AOH617,daily
AOH796,daily
AOJ159,daily
AOJ725,daily
AOK732,daily
AOM552,daily
AOO536,daily
AOQ778,daily
AOS328,daily
AOS329,daily
AOU009,daily
AOU010,daily
AOU221,daily
AOV131,daily
AOV153,daily
AOV154,daily
AOX840,daily
AOY397,daily
AOY398,daily
AOY400,daily
AOY401,daily
AOY404,daily
AOY996,daily
AOY998,daily
AOZ008,daily
APC510,daily
APD356,daily
APD358,daily
APD368,daily
BSX598,daily
APD370,daily
APD373,daily
APD375,daily
APD376,daily
APD377,daily
APD380,daily
APD382,daily
APD384,daily
APE848,daily
APF570,daily
APG148,daily
APG150,daily
APO095,daily
APP693,daily
APQ370,daily
APR587,daily
APU615,
APU767,daily
APW786,daily
APW923,daily
APW924,daily
APW928,daily
APZ207,daily
APZ208,daily
APZ953,daily
AQA227,daily
AQC418,daily
AQC584,daily
AQC807,daily
AQC936,daily
AQH320,daily
AQH322,daily
AQH325,daily
AQH327,daily
AQH328,daily
AQH423,daily
AQH426,daily
AQH429,daily
AQI080,daily
AQI246,daily
AQI676,daily
AQJ683,daily
AQJ689,daily
AQJ691,daily
AQJ693,daily
AQJ694,daily
AQJ695,daily
AQJ697,daily
AQJ699,daily
AQJ700,daily
AQJ702,daily
AQJ703,daily
AQJ704,daily
AQJ705,daily
AQJ882,daily
AQJ889,daily
AQJ890,daily
AQM501,daily
AQN161,daily
AQN964,daily
AQP590,daily
AQQ449,daily
AQQ450,daily
AQQ981,daily
AQS588,daily
AQS589,daily
AQT014,daily
AQU220,daily
AQW494,daily
AQW498,daily
AQW502,daily
AQX329,daily
AQY780,daily
AQZ532,daily
AQZ715,daily
ARA151,daily
ARB777,daily
ARB782,daily
ARB783,daily
ARB789,daily
ARB790,daily
ARD615,daily
ARG745,daily
ARG748,daily
ARJ483,daily
ARM229,daily
ARM231,daily
ARN361,daily
ARN362,daily
ARO265,daily
ARQ015,daily
ARQ483,daily
ARQ484,daily
ARQ485,daily
ARQ519,daily
ARR950,daily
ARR951,daily
ARR952,daily
ART574,daily
ART575,daily
ART813,daily
ASF264,daily
ASL532,daily
ASL533,daily
ASL534,monthly
ASL536,daily
ASL687,daily
ASN958,daily
ASO849,daily
ASZ601,daily
ATE028,daily
ATH852,daily
ATH931,daily
ATI432,daily
ATI435,daily
ATJ077,daily
ATL790,daily
ATL791,daily
ATL792,daily
ATL793,daily
ATL794,daily
ATL822,daily
ATO548,daily
ATR246,daily
ATR367,daily
ATW616,daily
ATX786,daily
ATX787,daily
ATY604,daily
AUA430,daily
AUA431,daily
AUB355,daily
AUB358,daily
AUB359,daily
AUB765,daily
AUB766,daily
AUB767,daily
AUC141,daily
AUD990,daily
AUG745,daily
AUI185,daily
AUI725,daily
AUK276,daily
AUP727,daily
AUV945,daily
AUW132,daily
AUW135,daily
AUW701,daily
AUW901,daily
AUX027,daily
AUX028,daily
AUZ695,daily
AUZ696,daily
AVC998,daily
AVD001,daily
AVD058,daily
AVD401,daily
AVD576,daily
AVE179,daily
AVE582,daily
AVI894,daily
AVJ122,daily
AVY564,daily
AVY568,daily
AVZ165,daily
AWA249,daily
AWA406,daily
AWC674,daily
AWI996,daily
AWI997,daily
AWI998,daily
AWI999,daily
AWJ001,daily
AWJ002,daily
AWN200,daily
AWN203,daily
AWN204,daily
AWO198,daily
AWO199,daily
AWO200,daily
AWP859,daily
AWP862,daily
AWP864,daily
AWP866,daily
AWP867,daily
AWQ662,daily
AWT552,daily
AWT553,daily
AWT555,daily
AWU879,daily
AWW394,daily
AWW747,daily
AWX043,daily
AWY061,daily
AWY818,daily
AXC841,daily
AXK086,daily
AXK087,daily
AXK088,daily
AXK089,daily
AXQ389,daily
AXQ390,daily
AXQ391,daily
AXQ423,daily
AXR826,daily
AXR827,monthly
AXV164,daily
AXZ639,daily
AYC376,daily
AYF850,daily
AYH568,daily
AYK107,daily
AYK754,daily
AYM184,daily
AYQ248,daily
AYQ249,daily
AYW767,daily
AYX423,daily
AYY012,daily
AZF212,daily
AZH019,daily
AZH020,daily
AZH247,daily
AZI792,daily
AZL487,daily
AZN102,daily
AZN103,daily
AZN129,daily
AZO362,daily
AZO659,daily
AZP416,
AZR712,daily
AZR713,daily
AZR714,daily
AZR715,daily
AZR716,daily
AZR717,daily
AZR718,daily
AZR719,daily
AZT295,daily
AZT297,daily
AZT298,daily
AZT299,daily
AZT300,daily
AZT301,daily
AZT302,daily
AZU904,monthly
AZW731,daily
AZY613,daily
AZY614,daily
AZZ103,daily
AZZ104,daily
BAA194,daily
BAA246,daily
BAA247,daily
BAA248,daily
BAA249,daily
BAC407,daily
BAC408,daily
BAC412,daily
BAC413,daily
BAC414,daily
BAC415,daily
BAC416,daily
BAC417,daily
BAC418,daily
BAC419,daily
BAC420,daily
BAC421,daily
BAE334,daily
BAE335,daily
BAE336,daily
BAE337,daily
BAE340,daily
BAE342,daily
BAE344,daily
BAE346,daily
BAH324,daily
BAI480,daily
BAL415,daily
BAO327,daily
BAO490,daily
BAO491,daily
BAR383,daily
BAR664,daily
BAT604,daily
BAU637,daily
BAU640,daily
BAU642,daily
BAU646,daily
BAU647,daily
BAU648,daily
BAU929,daily
BAV202,daily
BAV203,daily
BAW968,daily
BAX840,daily
BAY173,daily
BAY175,daily
BAY178,monthly
BAY179,daily
BAY180,daily
BAZ657,daily
BBD172,daily
BBE294,daily
BBE671,daily
BBE672,daily
BBJ503,daily
BBL403,daily
BBL404,daily
BBL720,daily
BBL729,daily
BBP727,daily
BBR114,daily
BBT742,daily
BBT744,daily
BBU290,daily
BBU291,daily
BBU292,daily
BBU722,daily
BBV045,daily
BBV047,daily
BBY617,daily
BBZ514,daily
BCD196,daily
BCE814,daily
BCE815,daily
BCG587,daily
BCH432,daily
BCI128,daily
BCN963,daily
BCV864,daily
BCY449,daily
BDB942,daily
BDE997,daily
BDE998,daily
BDI151,daily
BDI152,daily
BDI153,daily
BDI575,daily
BDJ618,daily
BDJ975,daily
BDL786,daily
BDM216,daily
BDM227,daily
BDR143,daily
BDR144,daily
BDR145,daily
BDV557,daily
BDV559,daily
BDV561,daily
BDV563,daily
BDV564,daily
BDV565,daily
BDW989,daily
BDX992,daily
BEE051,daily
BEE590,daily
BEF934,daily
BEH544,daily
BEK875,daily
BEL083,daily
BEL937,daily
BEL938,daily
BEL939,daily
BEL940,daily
BEL941,daily
BEL942,daily
BEL943,daily
BEQ328,daily
BEX252,daily
BEZ290,daily
BEZ532,daily
BEZ768,daily
BEZ991,daily
BEZ993,daily
BEZ994,daily
BFA312,daily
BFA313,daily
BFA314,daily
BFA315,daily
BFA964,
BFA964,
BFE016,daily
BFE359,daily
BFF202,daily
BFF203,daily
BFF204,daily
BFF205,daily
BFJ284,daily
BFM242,daily
BFM243,daily
BFP837,daily
BFR771,daily
BFS302,daily
BFS533,daily
BFX029,daily
BFX030,daily
BFY144,daily
BGA508,daily
BGA509,daily
BGA510,daily
BGA511,daily
BGC439,daily
BGF991,daily
BGF992,daily
BGF993,daily
BGI289,daily
BGL663,daily
BGL664,daily
BGT505,daily
BGW856,daily
BGX055,daily
BGX056,daily
BGX057,daily
BGY171,daily
BGZ468,daily
BGZ471,daily
BGZ800,daily
BGZ801,daily
BGZ802,daily
BGZ803,daily
BGZ804,daily
BHA094,daily
BHA243,daily
BHB945,daily
BHD020,daily
BHD706,daily
BHD707,daily
BHD708,daily
BHG164,daily
BHG167,daily
BHG905,daily
BHG906,daily
BHG907,daily
BHI999,daily
BHJ236,daily
BHJ237,daily
BHJ239,daily
BHJ240,daily
BHJ241,daily
BHJ242,daily
BHJ243,daily
BHJ500,daily
BHL526,daily
BHM073,daily
BHM275,daily
BHN020,monthly
BHX643,daily
BHX644,daily
BHY161,daily
BIC492,daily
BIC493,daily
BIC494,daily
BID160,daily
BIE317,daily
BIG309,daily
BIM280,daily
BIN534,daily
BIN535,daily
BIN737,daily
BIR875,daily
BIS317,daily
BIV450,daily
BJB721,
BJB882,daily
BJE549,daily
BJE590,daily
BJG506,daily
BJG507,daily
BJI369,daily
BJI370,daily
BJI371,daily
BJI372,daily
BJI376,daily
BJJ039,daily
BJJ042,daily
BJJ043,daily
BJJ517,daily
BJJ518,daily
BJJ519,daily
BJJ520,daily
BJJ521,daily
BJO513,daily
BJS920,daily
BJT506,daily
BJU706,daily
BJW915,daily
BJX368,daily
BJX369,daily
BJX370,daily
BJX371,daily
BJX372,daily
BJX373,daily
BJX374,daily
BJX375,daily
BKC186,daily
BKK538,daily
BKK539,daily
BKK540,daily
BKK541,daily
BKK543,daily
BKP323,daily
BKP916,daily
BKR475,daily
BKR476,daily
BKY326,
BLD344,daily
BLG316,daily
BLI022,daily
BLI612,daily
BLM897,daily
BLN133,daily
BLO393,daily
BLP005,daily
BLS795,daily
BLS810,daily
BLS811,daily
BLS812,daily
BLU413,daily
BLU415,daily
BLU417,daily
BLU418,daily
BLU419,daily
BLX941,daily
BLX943,daily
BLX944,daily
BLZ444,daily
BMA845,daily
BMA846,daily
BMA847,daily
BMA848,daily
BMA849,daily
BMA850,daily
BMA852,daily
BMD884,daily
BMG523,daily
BMG524,daily
BMG525,daily
BMK641,daily
BMQ374,daily
BMT544,daily
BMT545,daily
BMT546,daily
BMU966,daily
BMV031,daily
BMX643,daily
BMX644,daily
BMX645,daily
BMX646,daily
BMX647,daily
BMX648,daily
BMX649,daily
BMY480,daily
BMY482,daily
BMY483,daily
BNB147,daily
BNB749,daily
BNC268,daily
BNC269,daily
BNC665,daily
BNC675,daily
BND025,daily
BND069,daily
BND563,daily
BND564,daily
BND581,daily
BNG751,
BNG984,daily
BNG985,daily
BNG986,daily
BNI960,daily
BNI961,daily
BNI971,daily
BNI972,daily
BNI973,daily
BNJ141,daily
BNJ537,daily
BNJ769,daily
BNJ952,daily
BNJ953,daily
BNJ954,daily
BNK458,daily
BNK459,daily
BNK990,daily
BNL594,daily
BNL595,daily
BNN313,daily
BNO395,daily
BNO396,daily
BNO397,daily
BNR311,daily
BNR312,daily
BNR582,
BNR605,daily
BNR890,daily
BNT740,daily
BNU341,daily
BNU342,daily
BNU343,daily
BNU344,daily
BNU609,daily
BNU610,daily
BNU611,daily
BNU612,daily
BNU613,daily
BNU614,daily
BNV600,daily
BNV849,daily
BNV851,daily
BNW892,daily
BNX662,daily
BNY171,daily
BNY686,daily
BNY712,daily
BNY713,daily
BNY714,daily
BNY715,daily
BNY716,daily
BOA236,daily
BOC909,daily
BOD047,daily
BOD048,daily
BOD049,daily
BOD050,daily
BOE613,daily
BOG456,daily
BOG861,daily
BOG862,daily
BOH231,daily
BOH235,daily
BOH292,daily
BOH306,daily
BOH904,daily
BOH905,daily
BOH946,daily
BOH947,daily
BOK322,daily
BOK628,daily
BOM656,daily
BOM787,daily
BOM788,daily
BOP568,daily
BOP990,daily
BOP996,daily
BOP997,daily
BOR092,daily
BOR188,daily
BOS347,daily
BOS520,daily
BOS521,daily
BOS522,daily
BOS523,daily
BOS956,daily
BOT228,daily
BOT402,daily
BOT525,daily
BOT684,daily
BOT685,daily
BOU091,daily
BOU467,daily
BOW465,
BOW655,daily
BOW810,daily
BOW811,daily
BOX144,daily
BOX145,daily
BOX146,daily
BOX147,daily
BOX148,daily
BOX149,daily
BOX150,daily
BOX323,daily
BPA528,daily
BPA529,daily
BPA530,daily
BPA531,daily
BPA532,daily
BPB691,daily
BPC082,daily
BPC317,daily
BPC697,
BPC806,daily
BPD431,daily
BPE733,daily
BPE734,
BPE928,daily
BPF263,daily
BPF264,daily
BPF265,daily
BPG265,daily
BPG747,daily
BPG748,monthly
BPH456,daily
BPJ778,daily
BPJ877,daily
BPJ964,daily
BPK049,daily
BPK050,daily
BPK051,daily
BPK507,
BPK666,daily
BPK715,daily
BPL776,daily
BPM390,daily
BPM974,daily
BPN018,daily
BPN019,daily
BPN020,daily
BPN021,daily
BPN022,daily
BPN023,daily
BPN158,daily
BPQ088,daily
BPQ089,daily
BPQ151,daily
BPQ737,daily
BPR688,daily
BPR690,daily
BPR691,daily
BPR818,daily
BPS133,daily
BPS134,daily
BPV897,daily
BPW746,daily
BPW981,daily
BPW982,daily
BPX150,daily
BPX151,daily
BPX152,daily
BPX414,daily
BPX417,daily
BPX517,daily
BPX603,daily
BPX634,daily
BPY710,daily
BPY909,daily
BQA697,daily
BQA858,daily
BQB866,daily
BQC194,daily
BQC281,daily
BQC282,daily
BQC283,daily
BQC307,daily
BQC308,daily
BQC309,daily
BQC321,daily
BQC445,daily
BQC507,daily
BQD056,daily
BQF106,daily
BQF568,daily
BQG374,daily
BQG517,daily
BQG518,daily
BQG519,daily
BQG520,daily
BQG552,daily
BQK120,daily
BQK121,daily
BQK122,daily
BQK123,daily
BQK124,daily
BQK959,daily
BQK960,daily
BQK961,daily
BQK962,daily
BQK963,daily
BQK964,daily
BQL528,daily
BQM660,daily
BQM666,daily
BQM667,daily
BQN311,daily
BQN312,daily
BQN314,daily
BQN324,daily
BQN325,daily
BQN326,daily
BQN919,daily
BQO139,daily
BQO773,daily
BQO774,daily
BQO775,daily
BQP036,daily
BQP037,daily
BQP561,
BQP895,daily
BQP896,daily
BQQ356,daily
BQR236,daily
BQS212,daily
BQT326,daily
BQT657,daily
BQU073,daily
BQU074,daily
BQU075,daily
BQU076,daily
BQU603,daily
BQV079,daily
BQV387,daily
BQV888,daily
BQW030,daily
BQW031,daily
BQW126,daily
BQW529,daily
BQW755,daily
BRB596,daily
BRB844,daily
BRB845,daily
BRB846,daily
BRB847,daily
BRB848,daily
BRB849,daily
BRB850,daily
BRC209,daily
BRD778,daily
BRD779,daily
BRD891,daily
BRD892,daily
BRE072,daily
BRE073,daily
BRE374,daily
BRF681,daily
BRG218,daily
BRG453,daily
BRH008,daily
BRI690,daily
BRJ320,daily
BRJ321,daily
BRJ482,daily
BRK074,daily
BRK536,daily
BRN839,daily
BRP163,daily
BRQ994,daily
BRR529,daily
BRR570,daily
BRS091,daily
BRS093,daily
BRS702,daily
BRS703,daily
BRS704,daily
BRS921,daily
BRS929,daily
BRV011,daily
BRV083,daily
BRV084,daily
BRV085,daily
BRV086,daily
BRV468,daily
BRV469,daily
BRV470,daily
BRV480,daily
BRV516,daily
BRV517,daily
BRV518,daily
BRV519,daily
BRV520,daily
BRV896,daily
BRW067,daily
BRW241,daily
BRX486,daily
BRX809,daily
BRY122,daily
BRY123,daily
BRY124,daily
BRY374,daily
BRY375,daily
BRY376,daily
BRY377,daily
BRZ231,daily
BRZ849,daily
BRZ973,daily
BRZ974,daily
BSD076,daily
BSD678,daily
BSE504,daily
BSE505,daily
BSE506,daily
BSE507,daily
BSE862,daily
BSE863,daily
BSE912,monthly
BSE913,daily
BSE922,daily
BSE923,daily
BSF129,daily
BSG287,daily
BSG677,daily
BSG912,daily
BSH331,daily
BSH885,daily
BSI024,daily
BSI123,daily
BSI430,daily
BSI431,daily
BSJ881,daily
BSM054,daily
BSQ366,daily
BSQ440,daily
BSQ441,daily
BSQ710,daily
BSQ711,daily
BSR977,daily
BSS918,daily
BSU222,daily
BSW920,daily
BSX517,daily
BSX533,daily
BSX534,daily
BSY415,daily
BSY416,daily
ALF236,daily
BDB882,daily
BFK369,daily
BLU416,daily
ABE152,daily
ABD641,daily
ABD811,daily
ABD813,daily
ABD823,daily
ABD824,daily
ABD826,daily
ABD829,daily
ABD830,monthly
ABD837,daily
ACB310,daily
ADX785,daily
AGH362,monthly
ALV259,daily
AOX240,daily
APR179,monthly
AQU114,daily
AQU115,daily
ASS783,daily
AUR971,monthly
AUR974,daily
AWS587,daily
AWS588,monthly
AWS589,daily
BAF169,monthly
BAF171,monthly
BBE288,daily
BBE289,daily
BBE290,daily
BBE291,daily
BBE292,daily
BBQ508,daily
BRG187,daily
BBQ508,daily
BSG589,daily
BBR125,daily
BBR126,monthly
BDE381,daily
BDN049,daily
BDN051,daily
BDN052,daily
BFI256,daily
BGD682,daily
BHZ554,daily
BJE589,daily
BKJ588,daily
BLW768,daily
BLW769,daily
BLW770,daily
BMJ356,monthly
BPF354,monthly
BPM841,daily
BQK970,daily
BQQ357,daily
BRV725,daily
BSF128,daily
BSP533,daily
